iso3,country_label,disponibilite_volaille_kg_hab_an,log_population_2017,part_importations_poulet,log_production_poulet,ease_business_score,political_stability,log_gdp_per_capita,log_distance_france,langue_officielle_commune_france,log_evenements_sanitaires,signal_maturite_bio_import
AFG,Afghanistan,-1.177417015514651,0.8403816614041953,0.6591368112558379,-0.32585150833678544,-2.070163164861264,-3.143325708189934,-1.4953180987164327,0.25500906299805465,-0.47967540647319123,-0.5194246442940337,-0.3512631622998255
AGO,Angola,-0.564112462656256,0.7333350180812193,1.736000341408214,-0.1690730591844005,-1.9186814798839351,-0.3123453682385948,-0.36493940505047373,0.427781794018252,-0.47967540647319123,-0.5194246442940337,-0.3512631622998255
ALB,Albania,-0.1701848428800998,-0.5381129921543687,0.8529869229311332,-0.6388814093684629,0.32716813742965006,0.5014182112615879,0.1550605310962962,-1.1610468288181521,-0.47967540647319123,-0.5194246442940337,-0.5641725854228717
ARE,United Arab Emirates,1.6710871867977615,0.10997168723433165,1.7868243574521327,-0.025315976387510965,1.3328921913524485,0.776493224050382,1.6285850195413933,0.18366556642987938,-0.47967540647319123,-0.5194246442940337,-0.31850786643474155
ARG,Argentina,1.5875473639831632,0.944385519864875,-0.8831233605010758,1.458596890215924,-0.4417035787495246,0.26072757507139305,0.6186674990499513,1.030085114900076,-0.47967540647319123,1.6863501750003655,0.13538694769570847
ARM,Armenia,-0.19056040942024588,-0.52679288108994,1.4236731743139333,-0.720034500448984,0.702953467465014,-0.6447276753583877,0.011401508606593778,-0.29761056881186326,-0.47967540647319123,-0.5194246442940337,-0.5548139294614192
ATG,Antigua and Barbuda,2.393061427870269,-2.388276691622612,2.123510288822024,-3.217259159038509,-0.24103424640421559,0.9254921893109789,0.5382003720861365,0.4618360273167373,-0.47967540647319123,-0.5194246442940337,-0.3512631622998255
AUS,Australia,1.9549867472571294,0.6282978188926153,-0.8786559555062783,1.2352702277932182,1.4506893116102144,1.0859526134377755,1.2893647486013036,1.5147675707125936,-0.47967540647319123,-0.5194246442940337,1.667866861383568
AUT,Austria,-0.04521470143387094,0.07027149726730172,-0.09633841782017272,0.3020887807174762,1.2850037976966109,1.2693359552969714,1.384510448872206,-1.6571084456386702,-0.47967540647319123,2.2259941803314724,4.894263504094344
AZE,Azerbaijan,-0.39092014706501493,0.13014076261399962,-0.32666952190624043,0.2206859664638069,0.35151986414864467,-0.7937266406189846,0.1683130252726424,-0.1775645691755489,-0.47967540647319123,-0.5194246442940337,-0.39103745013599905
BEL,Belgique,-0.4221626824265721,0.21089314047765814,0.07406152498155492,0.8266922496583758,0.7584041633174218,0.5587255055925867,1.3207813263889456,-3.210702589381872,2.08474311274887,2.3717461782477693,0.8934380805733674
BEN,Benin,-0.30330521094238705,0.1991094936686111,1.6332943699826536,-0.6024158243473,-0.9044549805505012,0.10026715094459643,-1.301298295550558,0.0646481081196423,2.08474311274887,-0.5194246442940337,-0.3413783099055508
BFA,Burkina Faso,-1.1271572847156242,0.49353163508995057,-0.8849112522115795,0.46279331360016124,-0.9387278408950034,-1.0000329002105803,-1.618451746643295,-0.10136766702724959,2.08474311274887,-0.5194246442940337,-0.3512631622998255
BGD,Bangladesh,-1.1794545721686656,1.646889944001311,-0.8835281999696986,0.4786146846658616,-1.7124584431616336,-1.3782610427951723,-0.8188168595276353,0.6496170058560675,-0.47967540647319123,-0.5194246442940337,-0.3512631622998255
BGR,Bulgaria,0.21695092138267438,-0.04761432215942607,0.6994388810680997,0.1459761733280179,0.7190722833944007,0.44411091693058913,0.5757741830472966,-1.055046376312071,-0.47967540647319123,1.5351916155622356,0.060517700004087835
BIH,Bosnia and Herzegovina,-0.14709253413460102,-0.4563826635230946,-0.558783791852165,-0.0004035201213839812,0.19876152117590704,-0.3352682859709943,0.12305777236727779,-1.35406763548651,-0.47967540647319123,0.020219361037073082,-0.5594932574421454
BLR,Belarus,0.6190287677748891,0.10784623503837983,-0.7789071782479203,0.8525435363743543,0.8710623719982203,0.00857548001499837,0.3993274720686627,-1.0151900338440027,-0.47967540647319123,-0.5194246442940337,-0.5488104061071559
BLZ,Belize,0.46349527651844136,-1.6463432587127755,-0.8856534596811456,-0.466243153607025,-0.6060317356793883,0.11172860981079619,-0.24541606803763125,0.7519656892514177,-0.47967540647319123,-0.5194246442940337,-0.3512631622998255
BRA,Brazil,1.9807957982079811,1.7903554676268925,-0.8853809473811249,2.2241474932430165,-0.5780324146877975,-0.4154984980343926,0.18376727936546278,0.8453951015258383,-0.47967540647319123,0.5598633663681798,-0.5103603136445194
BRB,Barbade,1.895897604290706,-1.7940607397876147,-0.7822952404540977,-0.555717728569148,-0.4125534901843229,1.1776442843673733,0.4004759303231849,0.4908053623579953,-0.47967540647319123,-0.5194246442940337,-0.3512631622998255
BRN,Brunei Darussalam,-0.13588597253752052,-1.5801614717363321,-0.7048814631472995,-0.39638455217416535,0.39514654423068213,1.3954120028251686,1.5084340019983402,1.0450522678501335,-0.47967540647319123,-0.5194246442940337,-0.49587564198422523
BWA,Botswana,-1.0510885029657457,-0.6842105014023151,1.013776516407965,-1.577802157776732,0.23622683349881357,1.2349515786983722,0.25304649011908864,0.7332672049243091,-0.47967540647319123,-0.5194246442940337,-0.3512631622998255
CAN,Canada,1.3688496164522626,0.8468817013084013,-0.5726297460924828,1.2378443128124845,1.332910752119765,1.3266432496279703,1.2846767211396484,0.33608173362736227,2.08474311274887,0.9955476102311287,-0.3512631622998255
CHE,Suisse,-0.21365271816574455,0.04732374317770146,-0.06212048256545928,0.16025471483444198,1.115608551289395,1.5100265914871664,1.6009006611052488,-2.636182334077711,2.08474311274887,-0.5194246442940337,2.8119625526711456
CHL,Chile,1.188186259796301,0.4726354230151157,-0.36598134067522425,0.957687759832636,0.7398062744664817,0.547264046726387,0.6537086684113764,1.0890783112279656,-0.47967540647319123,2.352521948915129,-0.538436281528877
CIV,Cote d'Ivoire,-1.1094984603808309,0.6250297073455213,-0.8766793553984326,-0.017696131472584337,-0.7904918692283778,-1.1834162420697765,-0.8557120675686183,0.10185039545005503,2.08474311274887,0.020219361037073082,-0.5741369919504797
CMR,Cameroon,-1.0667097706465243,0.62788698031488,-0.8858851467509511,0.29493184639412184,-1.4308940239429102,-1.1948777009359763,-1.0567296372247597,0.14771139608487793,2.08474311274887,-0.5194246442940337,-0.5735312413843243
COL,Colombia,0.8913821738615074,1.0027536300830877,-0.7850396399677502,1.334151284980781,0.5045073922482449,-0.8166495583513841,0.1737257028602354,0.7576114551525106,-0.47967540647319123,-0.5194246442940337,-0.5641725854228717
CPV,Cabo Verde,-0.08460746341148645,-1.4519114381551605,1.9007674668551635,-1.7331743278249505,-0.7103835974911977,0.9484151070433784,-0.3731217060691325,-0.0031147494492093225,-0.47967540647319123,-0.5194246442940337,0.30623780547107926
CRI,Costa Rica,0.5198676772795119,-0.24414094360693717,-0.6328306829780009,0.32104807290916004,0.5258958521156968,0.7650317651841823,0.4977963022450035,0.7848646698206563,-0.47967540647319123,-0.5194246442940337,-0.3512631622998255
CYP,Chypre,0.4220649578868109,-1.0245278042235353,-0.047710111274926,-0.3654743838637641,0.7666330391576117,0.6848015531207841,1.058607929962056,-0.468155863402762,-0.47967540647319123,-0.5194246442940337,0.5027141941827221
DEU,Allemagne,0.04104186358608049,1.2884142899233981,0.08045393146366991,1.154197058310441,1.3368674235176718,0.7421088474517827,1.3885973354742733,-2.62631020878049,-0.47967540647319123,4.480076267652383,1.344993230713454
DJI,Djibouti,-1.099310677110758,-1.1456855315726246,-0.799181280759641,0.1459761733280179,-0.9605633731578135,-0.7822651817527848,-0.8583500847410108,0.2560387508023854,2.08474311274887,-0.5194246442940337,-0.3512631622998255
DMA,Dominica,1.1087215502897316,-2.543848049953843,1.8692706387504132,-2.105996971889234,-0.09003917632652658,1.4412578382899677,0.058122506066795955,0.48154870376498643,2.08474311274887,-0.5194246442940337,-0.3512631622998255
DNK,Danemark,0.6869473229087092,-0.16427454770439864,-0.3355144620299254,0.37457719563514547,1.7590022175013866,1.063029695705376,1.4080865421381459,-1.6653874129571857,-0.47967540647319123,3.034110894550272,1.4362401263376166
DOM,Dominican Republic,1.113475849149099,0.16586391957471935,-0.735667188632573,0.704864356152345,-0.29529382518884684,0.24926611620519326,0.31767508976788433,0.5385918808449899,-0.47967540647319123,-0.5194246442940337,1.4011451664821692
DZA,Algeria,-0.8480120231156238,0.9118639274657856,-0.8861114063340813,0.7348589752523118,-1.3361057992382979,-0.9885714413443805,0.11402060150460946,-1.364231107965046,2.08474311274887,-0.5194246442940337,-0.5758709053746874
ECU,Ecuador,0.03017489476466927,0.4205590611119331,-0.8861147239520956,0.8307569797871756,-0.42674763524199794,-0.014347437717401147,-0.009563608224350218,0.840404463226392,-0.47967540647319123,-0.5194246442940337,-0.40039610609745163
ESP,Espagne,0.7827124856473955,0.9769711494596326,-0.6152152343399645,1.2637001278322082,1.197911835509199,0.3868036225995904,1.1072820907574568,-1.635946611102043,-0.47967540647319123,0.020219361037073082,1.4666557582123374
EST,Estonia,0.16261607727561855,-0.9636434934255791,0.38505067803331516,-0.4507521288581332,1.4512412926904035,0.8108776006489814,0.9757222111564932,-0.9934058699900459,-0.47967540647319123,1.8870808958875784,4.105796739341966
ETH,Ethiopia,-1.272502992701999,1.4258664164227728,-0.8781777856336503,0.04073224002767476,-1.3426448382628215,-1.8596423151755619,-1.6355222378373315,0.253409551828919,-0.47967540647319123,-0.5194246442940337,-0.45888770585653016
FIN,Finland,-0.007180310558931561,-0.18566490085635748,-0.756097807898211,0.28085342512129235,1.388090299371378,1.3037203318955708,1.2638806835854337,-0.9621029895399431,-0.47967540647319123,1.0995073716992867,2.09368570762966
FJI,Fidji,0.6217455099802419,-1.1854920036013732,-0.6847217036534297,-0.25202913322195974,-0.11610252858803771,0.7994161417827816,0.050069870595754414,1.4890629530641442,-0.47967540647319123,-0.5194246442940337,0.33893771485730206
FRA,France,0.2740025076950832,1.1562611801413125,-0.15026619724306775,1.211951618608725,1.067372344993847,0.3868036225995904,1.2085061176104683,-3.144607868220483,-0.47967540647319123,1.7729439734168717,-0.3512631622998255
GAB,Gabon,0.7107188172055461,-0.7199710464232655,1.9501048273678065,-1.1213865837678085,-1.46029670034159,-0.04873181431600041,0.19862209949185583,0.22383115691508731,2.08474311274887,-0.5194246442940337,-0.3512631622998255
GEO,Georgia,-0.24421606797596365,-0.3589321920537974,1.1898633407600814,-0.4234502394231827,1.632408907515457,-0.3581912037033938,0.12922221221980992,-0.31784106556633895,-0.47967540647319123,-0.5194246442940337,-0.5618329214325086
GHA,Ghana,-0.7896020657005386,0.7204902576363275,1.2585849863229368,-0.005010160565833825,-0.3557430163785244,0.16903590414179498,-0.7661656087550174,0.08856878264155439,-0.47967540647319123,-0.5194246442940337,-0.3512631622998255
GIN,Guinea,-1.00422469992341,0.24092671400435212,1.1608818972925121,-0.5774746393720898,-1.2970313490880556,-0.7364193462879858,-1.3667806233389697,0.05622372487366034,2.08474311274887,-0.5194246442940337,-0.5758709053746874
GNB,Guinea-Bissau,-1.1346283257803444,-0.7862131666108463,0.9205225582616009,-1.2635577775840015,-1.6033396921090661,-0.5071901689639906,-1.6009195226160648,-0.006112263297640302,-0.47967540647319123,-0.5194246442940337,-0.552474265471056
GRC,Greece,-0.24082014021927262,0.16877359501014877,-0.34407091269800066,0.5695863435211098,0.34953386204580017,-0.014347437717401147,0.8060355412223291,-0.8559493849846018,-0.47967540647319123,0.020219361037073082,0.9870246401878929
GRD,Grenada,1.8225455647461806,-2.307380896295007,1.8464477129430006,-1.8628106483105118,-0.7646052477513131,1.2234901198321724,0.2136824060338072,0.5293540478093929,-0.47967540647319123,-0.5194246442940337,-0.3255268584058309
GTM,Guatemala,0.1164314597846207,0.42474624662644106,0.02027135686237523,0.6388462317876387,-0.10153394022450374,-0.679112051956987,-0.2022253240371334,0.7951934351505233,-0.47967540647319123,-0.5194246442940337,-0.3512631622998255
GUY,Guyana,1.322664998961265,-1.2528504754492187,-0.8781260017830143,-0.28305867259196377,-0.48634868006430887,0.02003693888119813,0.024782230579052753,0.5607387467859454,-0.47967540647319123,-0.5194246442940337,-0.3512631622998255
HND,Honduras,0.19453779818851388,0.10662269308586785,-0.7544694333499736,0.4727220221487551,-0.5566221660934961,-0.5759589221611893,-0.6896462301084001,0.770891436429735,-0.47967540647319123,-0.5194246442940337,-0.3512631622998255
HRV,Croatia,-0.5498495660781538,-0.3357882170172614,-0.27427592853740435,-0.06271134426272167,0.7927948441848879,0.8567234361137803,0.780273533828987,-1.6071888425868488,-0.47967540647319123,-0.5194246442940337,0.9355520323999038
HTI,Haiti,-0.6761780786270591,0.18963461409625199,1.8612053422568695,-0.8098280148964312,-2.020442097180412,-0.7020349696893866,-1.167388104852896,0.567092225944711,2.08474311274887,-0.5194246442940337,-0.36677696335303406
HUN,Hongrie,0.4349694833622368,0.12371726938201771,-0.5862493144102033,0.7078540437348044,0.7988617941276706,0.9942609425081775,0.8389196275915599,-1.445868973788098,-0.47967540647319123,1.4774954666899371,0.2968237630307654
IDN,Indonesia,-0.7929979934572295,1.921920698177608,-0.8861146954136789,1.625623750741227,0.32961250978622,-0.5071901689639906,-0.099919404574653,1.0813561195016332,-0.47967540647319123,0.8755348732258451,-0.5290776255674245
IND,Inde,-1.1305532124723152,2.8043984633323302,-0.8861004722843104,1.695835207122392,-0.15138493327657027,-0.8051880994851843,-0.6078447322614622,0.4423055832352345,-0.47967540647319123,0.5598633663681798,-0.34424417032873617
IRL,Ireland,0.4723246886858379,-0.26620815698853495,0.18511177530367318,0.3052137003782807,1.397573237490245,1.2120286609659727,1.7525998792966626,-1.9803731026763611,-0.47967540647319123,0.020219361037073082,-0.1874866829744055
IRQ,Iraq,-0.26595000561878607,0.8589106435740905,1.6244551746001377,0.18633166572718454,-1.465952892433764,-2.5817142237461463,-0.1435265626670111,-0.16284155375133877,-0.47967540647319123,-0.5194246442940337,-0.5758709053746874
ISL,Iceland,0.7528283213885146,-1.709672446721244,-0.5518143866818527,-0.7566561700984886,1.3082208966396607,1.6131797212829642,1.4141585740411942,-0.7847630156139402,-0.47967540647319123,0.3358908678947383,-0.27171458662747866
ISR,Israel,3.295699025598737,0.03350544872135019,-0.8861147239520956,0.8953393941305656,0.9326050344797935,-0.9541870647457812,1.0990789252082362,-0.34900665772584,-0.47967540647319123,0.5598633663681798,-0.3232690182268298
ITA,Italie,0.0009699160571266703,1.1200860782688915,-0.7397671622905123,1.153018658377233,0.8399585609255068,0.4211879991981896,1.1591832111748084,-1.5780869213927213,-0.47967540647319123,0.8755348732258451,2.858755832478408
JAM,Jamaica,2.189305762468809,-0.5312357390726786,-0.42925852943769477,0.3055986435003353,0.39870698359587914,0.4211879991981896,-0.11910799753701916,0.6232255561352358,-0.47967540647319123,-0.5194246442940337,-0.5571535934517824
JOR,Jordan,0.625141437736933,0.1268423502273961,-0.30429991891484653,0.5300680267856164,-0.23063295379813406,-0.5071901689639906,-0.23095517453335393,-0.31849709291732736,-0.47967540647319123,-0.5194246442940337,-0.5431156095096034
JPN,Japan,-0.024839134893724878,1.5243646846003038,-0.26821561436062935,1.477386919742978,1.2290874686815279,1.3381047084941702,1.1438522852913504,0.8830058163491933,-0.47967540647319123,2.8921659542462357,-0.5243982975866981
KAZ,Kazakhstan,-0.04046040257450352,0.4610055003079235,0.6161389411523637,0.42315454655466034,1.1373666125234068,0.11172860981079619,0.6414576222879134,0.2491930117351129,-0.47967540647319123,-0.5194246442940337,-0.3512631622998255
KEN,Kenya,-1.2358269729297362,1.0171566997813415,-0.8839841611913735,0.22892344374584941,0.21180005672067068,-1.2292620775345753,-0.9619833499066219,0.42448104285683025,-0.47967540647319123,-0.5194246442940337,-0.3512631622998255
KHM,Cambodge,-1.1224029858562568,0.39479408888855855,-0.7424704552834555,-0.5142801554424721,-0.7581372238365216,0.16903590414179498,-0.7878740149108622,0.9086224099800652,-0.47967540647319123,0.9955476102311287,-0.5290776255674245
KIR,Kiribati,-0.06015678356331127,-2.291630510081267,0.6808700328695634,-1.7396572838424225,-1.3413593033786961,1.0744911545715758,-1.4104934842053944,1.32589124779353,-0.47967540647319123,-0.5194246442940337,-0.3512631622998255
KWT,Koweït,1.8599007700697814,-0.35253675405044527,1.2332022568817056,-0.037183416781162104,-0.08022214439596674,0.00857548001499837,1.250783246658755,-0.012620352099991305,-0.47967540647319123,-0.5194246442940337,-0.5735312413843243
LBN,Lebanon,-0.5518871227321684,-0.06975249415641477,-0.7155172485761984,0.3146241957028376,-0.6804910782333444,-1.8023350208445632,0.5183586464550297,-0.3787154753397427,2.08474311274887,-0.5194246442940337,-0.5267379615770614
LBR,Liberia,-0.5566414215915358,-0.27208567201294814,1.4161344786410832,-0.6405866470486741,-1.5495255717400265,-0.34672974483719404,-1.8058852492480093,0.10373864725215991,-0.47967540647319123,-0.5194246442940337,-0.3512631622998255
LKA,Sri Lanka,-0.7529260459282757,0.5458143816440674,-0.8829659534223802,0.4902561109575588,-0.2285638317373073,-0.014347437717401147,0.12193766988443717,0.7336997504647027,-0.47967540647319123,-0.5194246442940337,-0.3512631622998255
LSO,Lesotho,-0.7427382626582028,-0.7129771500871126,1.9655688663223756,-2.010483195996038,-0.3408298433348139,-0.1518849441117982,-1.3903932200681608,0.8018636420755773,-0.47967540647319123,-0.5194246442940337,-0.3512631622998255
LTU,Lithuania,0.6332916643529914,-0.5454751413753802,-0.2305648446281077,0.3001666329261448,1.440565623523994,0.9598765659095781,0.8863577948151158,-1.0946255120535957,-0.47967540647319123,1.0995073716992867,1.2911809589351018
LUX,Luxembourg,-0.0363852892664744,-1.399508523420855,2.030352046404912,-2.228424907714061,0.5491500725933797,1.5902568035505646,2.0804000033355616,-3.1011077301437244,2.08474311274887,-0.5194246442940337,-0.3512631622998255
LVA,Latvia,0.13748621187610507,-0.7507972001640421,0.6533432771800362,-0.24804349350964267,1.388770591843015,0.5931098821911859,0.7075785947423661,-1.0917608651077038,-0.47967540647319123,-0.5194246442940337,2.68094136921081
MAR,Maroc,0.1422405107354725,0.829553002037577,-0.8838952778459863,0.9043631164539839,0.5187281679720693,-0.3581912037033938,-0.35261206604000533,-1.0194599904211932,2.08474311274887,-0.5194246442940337,-0.568851913403598
MDG,Madagascar,-1.086406151635332,0.6497019414788527,-0.8861147239520956,-0.08944321966957437,-1.32363296360174,-0.2779609916399955,-1.873347976413298,0.7648374399676624,2.08474311274887,-0.5194246442940337,-0.3512631622998255
MDV,Maldives,-0.3644319105628251,-1.495128432074016,-0.5403327523789444,0.1459761733280179,-0.7733296153798609,0.32949632826859154,0.464451194401227,0.7024327136991261,-0.47967540647319123,-0.5194246442940337,0.21114904138133034
MEX,Mexico,0.9273790080824323,1.5126020177034976,-0.2906320642912313,1.6302390980540238,0.7870708649425152,-0.7593422640203853,0.4973203213717286,0.8208289738529784,-0.47967540647319123,0.5598633663681798,-0.4284720739818093
MKD,Macédoine du Nord,0.0587006879208738,-0.7154642389731598,1.9998787279796042,-1.4688381056698396,1.4162397204812658,-0.22065369730899675,0.33466839696951883,-1.1136227996395407,-0.47967540647319123,-0.5194246442940337,-0.3512631622998255
MLI,Mali,-1.089122893840685,0.4738715900580015,-0.8551410934063576,-0.098788050522056,-0.7995075602048028,-2.1232558690981564,-1.3946497394649928,-0.08567649970415823,2.08474311274887,-0.5194246442940337,-0.3512631622998255
MLT,Malta,0.564014738116495,-1.5632061032220121,0.8902397069258506,-1.15558971916456,0.19614445298430738,1.4985651326209666,1.2348425446182878,-1.0602180894953004,-0.47967540647319123,-0.5194246442940337,-0.48930333773125106
MMR,Myanmar,0.7813541145447191,1.0503899654860174,-0.8860757384202909,1.3386621197811581,-1.5985421372527426,-1.1719547832035768,-0.8525375348078407,0.7814615368980662,-0.47967540647319123,-0.5194246442940337,-0.4898957797282242
MNE,Montenegro,-0.19599389383095137,-1.3677192625620378,1.535784802455017,-1.4800186278578984,0.8923338183325917,-0.00288597885120138,0.44515931050965984,0.2491930117351129,-0.47967540647319123,0.7335899329218086,-0.2045900558545903
MNG,Mongolia,-1.0931980071487142,-0.4964248020291225,2.06576534671542,-2.3121698253785734,0.3730632660736934,0.9713380247757779,-0.06550564304113493,0.5186534055783808,-0.47967540647319123,-0.5194246442940337,-0.3512631622998255
MOZ,Mozambique,-1.0375047919389817,0.7115862282381833,-0.28249454265453,0.15499216129328228,-0.8066260179655484,-1.0000329002105803,-2.045066212696113,0.7767236319583524,-0.47967540647319123,-0.5194246442940337,-0.3512631622998255
MRT,Mauritania,-0.9322310314815606,-0.32296593750378516,1.6246482788782532,-1.0483327069685366,-1.156830575689624,-0.6561891342245875,-0.7344062845993552,-0.18429398127675145,-0.47967540647319123,-0.5194246442940337,-0.3512631622998255
MUS,Maurice,1.2948183913563986,-0.9867588899713792,-0.882972842373501,-0.10309529791795174,1.3002559064913146,1.1776442843673733,0.5993492730947091,0.847122230555685,2.08474311274887,-0.5194246442940337,-0.5711915773939611
MWI,Malawi,-0.9301934748275461,0.44852427453411514,-0.877944260650519,0.31140585662445813,-0.2633015182546001,-0.22065369730899675,-1.9778926378689987,0.6108352976537844,-0.47967540647319123,-0.5194246442940337,-0.3512631622998255
MYS,Malaisie,1.3817541419276884,0.7563547746356527,-0.7650902940290982,1.3431675667145777,1.2902573018370092,0.20342028074039423,0.7305009935104209,0.9630060852319139,-0.47967540647319123,-0.5194246442940337,-0.5735312413843243
NAM,Namibia,-0.49823146417645064,-0.6375208454585615,1.2305690037556474,-0.6867338551227811,-0.1354597949191793,0.7879546829165818,-0.17129054257433196,0.6734581665771355,-0.47967540647319123,-0.5194246442940337,-0.5758709053746874
NER,Niger,-1.2174889630436048,0.5579009818848671,-0.5669992300946936,-0.49151214592868087,-0.9369548841213547,-1.3897225016613721,-2.1000146481961512,-0.14388176537344305,2.08474311274887,-0.5194246442940337,-0.3512631622998255
NGA,Nigeria,-1.2127346641842374,1.744011675478094,-0.7449566616114143,0.5925589096874555,-0.8680411760455576,-2.2264089988939544,-0.4834646160724214,0.06359478308671931,-0.47967540647319123,0.7335899329218086,-0.3512631622998255
NIC,Nicaragua,0.18502920046977905,-0.10559017627413828,-0.7793991703797893,0.349422556600938,-0.6950120541937624,0.00857548001499837,-0.5958820050165264,0.7832422504701292,-0.47967540647319123,-0.5194246442940337,-0.3512631622998255
NOR,Norvège,0.012516070429876194,-0.20732786955242366,-0.8687479129405707,0.1640762802711243,1.6039762329565255,1.4068734616913685,1.551068884740776,-1.3621190314557707,-0.47967540647319123,2.1021556777390056,0.5284504980767166
NPL,Nepal,-1.146174480153094,0.691923346988834,-0.8800727601329407,-0.02616983281975225,-0.22611300346167165,-0.724957887421786,-1.0972410052321933,0.5488927767747898,-0.47967540647319123,2.390507127751008,-0.47154272066012376
NZL,New Zealand,1.0815541282362036,-0.2721078963641499,-0.8861147239520956,0.5292846815774196,1.9560312184830495,1.8882547340717584,1.161383705993278,1.6582070752255926,-0.47967540647319123,-0.5194246442940337,-0.3816787941745464
OMN,Oman,0.18774594267513178,-0.27630344286993175,1.9830799804444021,-0.9253627702502704,0.46722203866931805,0.9254921893109789,0.951818511626613,0.26100291145622373,-0.47967540647319123,-0.5194246442940337,-0.3512631622998255
PAK,Pakistan,-0.8833296717852103,1.7905450401935512,-0.8859620653002825,1.250538813195415,-0.7881419146881568,-2.696328812408144,-0.8364765439145604,0.32238943890131194,-0.47967540647319123,-0.5194246442940337,-0.3512631622998255
PAN,Panama,1.0156731297563983,-0.345779781520305,-0.7184870362725216,0.48439373131661156,0.29687696516943735,0.5128796701277877,0.9494631163299966,0.7528378001490579,-0.47967540647319123,-0.5194246442940337,-0.3512631622998255
PER,Peru,-0.36646946721683965,0.7622669787317752,-0.7938686314351026,1.3072291638374227,0.40163554988243966,-0.2321151561751965,0.050549450171568804,0.9445678200816873,-0.47967540647319123,2.0171394720210443,-0.2646955946563892
PHL,Philippines,-0.33930204516331175,1.419552048555973,-0.3984525810279231,1.2512093127498725,-0.2785568550088381,-1.2865693718655742,-0.39204438776533124,0.9967581755117618,-0.47967540647319123,1.6863501750003655,-0.3512631622998255
POL,Poland,0.7765998156853517,0.8646842762961995,-0.8231465694510578,1.309512976242358,1.2164330603212237,0.6618786353883845,0.8524726563484488,-1.3409731657120354,-0.47967540647319123,3.5363777193039185,0.22195451533914484
PRT,Portugal,0.7956170111228211,0.15410986110956862,-0.5635738245521495,0.6788941839725217,1.1076233863939664,1.3495661673603698,0.9339381476561158,-1.2729019067433673,-0.47967540647319123,-0.5194246442940337,-0.3512631622998255
PRY,Paraguay,-0.8745002596178136,-0.0659593273523748,-0.8861147239520956,0.03151845378443184,-0.3831201481700769,0.06588277434599715,0.1463472188799059,0.9335370645297685,-0.47967540647319123,-0.5194246442940337,-0.3512631622998255
ROU,Romania,0.03425000807269863,0.5064448475157404,-0.27349302776071316,0.8088550024253441,0.827793995424376,0.1346515275431957,0.748654418321579,0.2491930117351129,-0.47967540647319123,0.8755348732258451,-0.12431575523460049
RUS,Fédération de Russie,0.8227844331763493,1.5963578337082935,-0.747354462402977,1.7728221020628068,1.1104050805217633,-0.6676505930907872,0.7080740793560412,-0.6601590233266976,-0.47967540647319123,0.3358908678947383,-0.5267379615770614
RWA,Rwanda,-1.180133757720004,0.23700812079589748,-0.8841854202147045,-0.49733699158522326,0.6689904912357054,0.16903590414179498,-1.6525196367896893,0.38211963945718946,2.08474311274887,-0.5194246442940337,-0.3512631622998255
SAU,Arabie saoudite,1.6636161457330414,0.7902215156139407,0.7130066002742843,0.973080195007265,-0.056502290755610335,-0.5988818398935887,1.3716539136613133,0.05693513695762812,-0.47967540647319123,-0.5194246442940337,-0.5735312413843243
SDN,Soudan,-1.1726627166552837,0.9042374933248226,-0.8589672528702322,0.044484336633266224,-1.4348692561081329,-2.2034860811615546,-0.9456181631255167,0.03692341248933315,-0.47967540647319123,-0.5194246442940337,-0.5314172895577877
SEN,Senegal,-0.9580400824324123,0.3743516508487907,-0.8858293371229083,0.18225812262530622,-0.7074461543159214,0.00857548001499837,-1.1967080978362015,-0.06466875711089826,2.08474311274887,-0.5194246442940337,-0.2682158212726365
SLB,Solomon Islands,-0.9790948345238966,-1.360427288243837,1.8764310917326001,-2.2079432776642998,-0.6379215548984527,0.2951119516699923,-1.450011638569006,1.387837236193487,-0.47967540647319123,-0.5194246442940337,0.21025619538732898
SLE,Sierra Leone,-1.0116957409881302,-0.018809234495501134,0.505687033599766,-0.5690825602653783,-1.2665577971142137,0.02003693888119813,-1.4324583686483565,0.0641234882412262,-0.47967540647319123,-0.5194246442940337,-0.3512631622998255
SLV,El Salvador,0.10624367651454779,-0.10531062676245126,-0.6694664488502993,0.33032507937169764,0.15545118112812958,-0.2321151561751965,-0.2611900286894182,0.7930808854378498,-0.47967540647319123,-0.5194246442940337,-0.4524983037937556
SRB,Serbia,-0.5912798847097841,0.07087148375665056,-0.6507671641881813,0.13635965179500864,0.8852306933796295,0.16903590414179498,0.3412958425989997,0.2491930117351129,-0.47967540647319123,-0.5194246442940337,-0.48462400975052483
STP,Sao Tome and Principe,-0.6381436877521198,-1.9695328101605585,1.2852073817849023,-1.8212226645865146,-1.4617412122327287,0.28365049280379256,-1.1411376668296125,0.22259917899218964,-0.47967540647319123,-0.5194246442940337,4.091758755399785
SUR,Suriname,0.8282179175870548,-1.419534198874396,1.107291840927314,-0.7814825993209757,-1.240897939794361,0.214881739606594,0.35616039549412126,0.5415057637106415,-0.47967540647319123,-0.5194246442940337,-0.1584840571984383
SVN,Slovenia,0.3765595259471516,-0.71693030714301,-0.429946019843882,0.015562140640535682,1.0984212807544949,1.063029695705376,1.0191830927967223,-1.7357557319197283,-0.47967540647319123,-0.5194246442940337,1.670206525373931
SWE,Suède,-0.15388438964798287,0.13342475145928986,-0.10783654651149395,0.37670820963872353,1.5648654682615337,1.1891057432335732,1.342759930322912,-1.2026156666848598,-0.47967540647319123,1.986604510137651,3.9069253001610975
SWZ,Eswatini,-0.8425785387049182,-1.050435885166117,0.24455942589742977,-1.3618821562701948,-0.33552953378118333,-0.24357661504139627,-0.30103223632431586,0.775541025117656,-0.47967540647319123,-0.5194246442940337,-0.3512631622998255
TCD,Chad,-1.2507690550591768,0.3599494638786036,-0.6180924384373094,-0.9424492365464813,-2.199649533578887,-1.4126454193937716,-1.5941885511641898,-0.056289370232806835,2.08474311274887,-0.5194246442940337,-0.3512631622998255
TGO,Togo,-0.8018274056246263,-0.0037511043514175963,0.47975040361241433,-0.4924797355345405,-1.1322972762468833,-0.9427256058795814,-1.6443598875488852,0.07107071417805806,2.08474311274887,-0.5194246442940337,0.5006817111115474
THA,Thailand,-0.4017871158864262,1.191745041601133,-0.8854659216109586,1.3585397467955684,1.264541762215207,-0.7937266406189846,0.35645600269356764,0.8509747510298947,-0.47967540647319123,-0.5194246442940337,-0.4799446817697985
TJK,Tadjikistan,-0.9790948345238966,0.07398445184424589,-0.05103113792235401,-0.9008904358192761,-0.6812117201991471,-0.7020349696893866,-1.2605356106408894,0.19276469100176793,-0.47967540647319123,-0.5194246442940337,-0.552474265471056
TLS,Timor-Leste,-0.9933577311019987,-0.9959739569462775,1.7829727475024768,-1.730671963650854,-2.000825787096726,0.14611298640939546,-1.1340077190934532,0.2491930117351129,-0.47967540647319123,-0.5194246442940337,0.23274718304137412
TTO,Trinidad and Tobago,2.4229455921291496,-0.9376128819848352,-0.2522073223074323,0.018948795517358542,-0.13166936343723598,0.3868036225995904,0.7996965025641579,0.5459626723983443,-0.47967540647319123,-0.5194246442940337,-0.3512631622998255
TUN,Tunisia,-0.12467941094044027,0.21154555267993053,-0.8810486972475073,0.3379881590183768,0.20294979867032495,-1.103186030006378,-0.049701682069331406,-1.2489943692741172,2.08474311274887,-0.5194246442940337,0.16112325158970298
UGA,Ouganda,-1.1780962010659892,0.9089282048754729,-0.8798616500385127,0.15397718464843285,-0.3961417369272912,-0.5874203810273889,-1.5679654704293375,0.3593176765712215,-0.47967540647319123,-0.5194246442940337,-0.27873357859856807
UKR,Ukraine,0.2549853122576138,0.9511647138093781,-0.6360043395721721,1.2200001884051668,0.42788773777664746,-2.0774100336333574,-0.029814789079836358,-0.89641267465948,-0.47967540647319123,0.020219361037073082,-0.3512631622998255
URY,Uruguay,-0.6619151820489569,-0.44273373987096803,-0.8720599289225035,0.08163852879735313,-0.14142667811643028,1.2693359552969714,0.6273214171977034,1.0198125208227107,-0.47967540647319123,1.1912063800835104,-0.3512631622998255
UZB,Ouzbékistan,-1.1482120368071083,0.7711189746040423,-0.6042816409915857,0.08368934156146539,0.3091141597600668,-0.20919223844279697,-0.386840054200289,0.1626305445222726,-0.47967540647319123,-0.5194246442940337,-0.3512631622998255
VUT,Vanuatu,-0.48940205200905396,-1.7954308819333569,1.6312415902748658,-1.8497115104262083,-0.15029468994420833,0.8681848949799801,-1.2221436950734235,1.4719341625920919,2.08474311274887,-0.5194246442940337,-0.3512631622998255
WSM,Samoa,3.1177524111481283,-2.001138751735667,2.0570328363168815,-2.068281473282725,-0.05855123806935406,1.4183349205575682,-0.5878297173805881,1.4484882228836269,-0.47967540647319123,-0.5194246442940337,-0.3512631622998255
ZMB,Zambia,-1.0490509463117312,0.4227675913318473,-0.2755665436921872,-0.10378363118831427,0.11698035941060887,0.2378046573389935,-1.1531463750994044,0.6040229901558384,-0.47967540647319123,-0.5194246442940337,-0.5758709053746874
ZWE,Zimbabwe,-0.9634735668431179,0.33090755763469387,-0.704943950538783,0.16935443521688354,-1.1454140898103289,-0.7478808051541855,-0.09403041746662036,0.6543184991171386,-0.47967540647319123,-0.5194246442940337,-0.4664397097701016
